<?xml version="1.0" ?>
<transformMap xmlns:xsi="http://www.w3.org/2001/XMLSchema-instance" xsi:noNamespaceSchemaLocation="../xslt_map.xsd">
	<!-- This list of extensions comes from the list at http://www.sno.phy.queensu.ca/~phil/exiftool/index.html#supported and is current as of exiftool 9.05. -->

	<!-- image -->
	<map format="3FR" transform="exiftool_image_to_fits.xslt"/>
	<map format="3G2" transform="exiftool_image_to_fits.xslt"/>
	<map format="ACR" transform="exiftool_image_to_fits.xslt"/>
	<map format="AI" transform="exiftool_image_to_fits.xslt"/>
	<map format="AIT" transform="exiftool_image_to_fits.xslt"/>
	<map format="ARW" transform="exiftool_image_to_fits.xslt"/>
	<map format="BMP" transform="exiftool_image_to_fits.xslt"/>
	<map format="BTF" transform="exiftool_image_to_fits.xslt"/>
	<map format="CIFF" transform="exiftool_image_to_fits.xslt"/>
	<map format="COS" transform="exiftool_image_to_fits.xslt"/>
	<map format="CR2" transform="exiftool_image_to_fits.xslt"/>
	<map format="CRW" transform="exiftool_image_to_fits.xslt"/>
	<map format="CS1" transform="exiftool_image_to_fits.xslt"/>
	<map format="DCP" transform="exiftool_image_to_fits.xslt"/>
	<map format="DCR" transform="exiftool_image_to_fits.xslt"/>
	<map format="DIB" transform="exiftool_image_to_fits.xslt"/>
	<map format="DJV" transform="exiftool_image_to_fits.xslt"/>
	<map format="DJVU" transform="exiftool_image_to_fits.xslt"/>
	<map format="DNG" transform="exiftool_image_to_fits.xslt"/>
	<map format="EIP" transform="exiftool_image_to_fits.xslt"/>
	<map format="EPS" transform="exiftool_image_to_fits.xslt"/>
	<map format="EPSF" transform="exiftool_image_to_fits.xslt"/>
	<map format="ERF" transform="exiftool_image_to_fits.xslt"/>
	<map format="EXIF" transform="exiftool_image_to_fits.xslt"/>
	<map format="FFF" transform="exiftool_image_to_fits.xslt"/>
	<map format="FPX" transform="exiftool_image_to_fits.xslt"/>
	<map format="GIF" transform="exiftool_image_to_fits.xslt"/>
	<map format="HDP" transform="exiftool_image_to_fits.xslt"/>
	<map format="ICC" transform="exiftool_image_to_fits.xslt"/>
	<map format="ICM" transform="exiftool_image_to_fits.xslt"/>
	<map format="IDML" transform="exiftool_image_to_fits.xslt"/>
	<map format="IIQ" transform="exiftool_image_to_fits.xslt"/>
	<map format="IND" transform="exiftool_image_to_fits.xslt"/>
	<map format="INDD" transform="exiftool_image_to_fits.xslt"/>
	<map format="INDT" transform="exiftool_image_to_fits.xslt"/>
	<map format="INX" transform="exiftool_image_to_fits.xslt"/>
	<map format="ITC" transform="exiftool_image_to_fits.xslt"/>
	<map format="J2C" transform="exiftool_image_to_fits.xslt"/>
	<map format="J2K" transform="exiftool_image_to_fits.xslt"/>
	<map format="JNG" transform="exiftool_image_to_fits.xslt"/>
	<map format="JP2" transform="exiftool_image_to_fits.xslt"/>
	<map format="JPC" transform="exiftool_image_to_fits.xslt"/>
	<map format="JPEG" transform="exiftool_image_to_fits.xslt"/>
	<map format="JPF" transform="exiftool_image_to_fits.xslt"/>
	<map format="JPG" transform="exiftool_image_to_fits.xslt"/>
	<map format="JPM" transform="exiftool_image_to_fits.xslt"/>
	<map format="JPX" transform="exiftool_image_to_fits.xslt"/>
	<map format="K25" transform="exiftool_image_to_fits.xslt"/>
	<map format="KDC" transform="exiftool_image_to_fits.xslt"/>
	<map format="MEF" transform="exiftool_image_to_fits.xslt"/>
	<map format="MIE" transform="exiftool_image_to_fits.xslt"/>
	<map format="MIF" transform="exiftool_image_to_fits.xslt"/>
	<map format="MIFF" transform="exiftool_image_to_fits.xslt"/>
	<map format="MNG" transform="exiftool_image_to_fits.xslt"/>
	<map format="MOS" transform="exiftool_image_to_fits.xslt"/>
	<map format="MPO" transform="exiftool_image_to_fits.xslt"/>
	<map format="MRW" transform="exiftool_image_to_fits.xslt"/>
	<map format="NEF" transform="exiftool_image_to_fits.xslt"/>
	<map format="NRW" transform="exiftool_image_to_fits.xslt"/>
	<map format="ORF" transform="exiftool_image_to_fits.xslt"/>
	<map format="PBM" transform="exiftool_image_to_fits.xslt"/>
	<map format="PCD" transform="exiftool_image_to_fits.xslt"/>
	<map format="PCT" transform="exiftool_image_to_fits.xslt"/>
	<map format="PEF" transform="exiftool_image_to_fits.xslt"/>
	<map format="PGF" transform="exiftool_image_to_fits.xslt"/>
	<map format="PGM" transform="exiftool_image_to_fits.xslt"/>
	<map format="PICT" transform="exiftool_image_to_fits.xslt"/>
	<map format="PMP" transform="exiftool_image_to_fits.xslt"/>
	<map format="PNG" transform="exiftool_image_to_fits.xslt"/>
	<map format="PPM" transform="exiftool_image_to_fits.xslt"/>
	<map format="PS" transform="exiftool_image_to_fits.xslt"/>
	<map format="PSB" transform="exiftool_image_to_fits.xslt"/>
	<map format="PSD" transform="exiftool_image_to_fits.xslt"/>
	<map format="PSP" transform="exiftool_image_to_fits.xslt"/>
	<map format="PSPIMAGE" transform="exiftool_image_to_fits.xslt"/>
	<map format="QIF" transform="exiftool_image_to_fits.xslt"/>
	<map format="QTI" transform="exiftool_image_to_fits.xslt"/>
	<map format="QTIF" transform="exiftool_image_to_fits.xslt"/>
	<map format="RAF" transform="exiftool_image_to_fits.xslt"/>
	<map format="RAW" transform="exiftool_image_to_fits.xslt"/>
	<map format="RW2" transform="exiftool_image_to_fits.xslt"/>
	<map format="RWL" transform="exiftool_image_to_fits.xslt"/>
	<map format="RWZ" transform="exiftool_image_to_fits.xslt"/>
	<map format="SR2" transform="exiftool_image_to_fits.xslt"/>
	<map format="SRF" transform="exiftool_image_to_fits.xslt"/>
	<map format="SRW" transform="exiftool_image_to_fits.xslt"/>
	<map format="SVG" transform="exiftool_image_to_fits.xslt"/>
	<map format="THM" transform="exiftool_image_to_fits.xslt"/>
	<map format="TIF" transform="exiftool_image_to_fits.xslt"/>
	<map format="TIFF" transform="exiftool_image_to_fits.xslt"/>
	<map format="VRD" transform="exiftool_image_to_fits.xslt"/>
	<map format="VSD" transform="exiftool_image_to_fits.xslt"/>
	<map format="WDP" transform="exiftool_image_to_fits.xslt"/>
	<map format="X3F" transform="exiftool_image_to_fits.xslt"/>
	<map format="XCF" transform="exiftool_image_to_fits.xslt"/>
	<map format="XMP" transform="exiftool_image_to_fits.xslt"/> <!-- can contain XMP for images, video, etc. -->

	<!-- audio -->
	<map format="AIF" transform="exiftool_audio_to_fits.xslt"/>
	<map format="AIFC" transform="exiftool_audio_to_fits.xslt"/>
	<map format="AIFF" transform="exiftool_audio_to_fits.xslt"/>
	<map format="APE" transform="exiftool_audio_to_fits.xslt"/>
	<map format="FLAC" transform="exiftool_audio_to_fits.xslt"/>
	<map format="LA" transform="exiftool_audio_to_fits.xslt"/>
	<map format="M4A" transform="exiftool_audio_to_fits.xslt"/>
	<map format="MP3" transform="exiftool_audio_to_fits.xslt"/>
	<map format="MPC" transform="exiftool_audio_to_fits.xslt"/>
	<map format="OFR" transform="exiftool_audio_to_fits.xslt"/>
	<map format="OGG" transform="exiftool_audio_to_fits.xslt"/>
	<map format="PAC" transform="exiftool_audio_to_fits.xslt"/>
	<map format="RA" transform="exiftool_audio_to_fits.xslt"/>
	<map format="RIF" transform="exiftool_audio_to_fits.xslt"/>
	<map format="RIFF" transform="exiftool_audio_to_fits.xslt"/>
	<map format="RM" transform="exiftool_audio_to_fits.xslt"/> <!-- could also be video -->
	<map format="WAV" transform="exiftool_audio_to_fits.xslt"/>
	<map format="WMA" transform="exiftool_audio_to_fits.xslt"/>
	<map format="WV" transform="exiftool_audio_to_fits.xslt"/>

	<!-- video -->
	<map format="3G2" transform="exiftool_video_to_fits.xslt"/>
	<map format="3GP2" transform="exiftool_video_to_fits.xslt"/>
	<map format="ASF" transform="exiftool_video_to_fits.xslt"/>
	<map format="AVI" transform="exiftool_video_to_fits.xslt"/>
	<map format="DIVX" transform="exiftool_video_to_fits.xslt"/>
	<map format="DV" transform="exiftool_video_to_fits.xslt"/>
	<map format="DVB" transform="exiftool_video_to_fits.xslt"/>
	<map format="F4A" transform="exiftool_video_to_fits.xslt"/>
	<map format="F4B" transform="exiftool_video_to_fits.xslt"/>
	<map format="F4P" transform="exiftool_video_to_fits.xslt"/>
	<map format="F4V" transform="exiftool_video_to_fits.xslt"/>
	<map format="FLA" transform="exiftool_video_to_fits.xslt"/>
	<map format="FLV" transform="exiftool_video_to_fits.xslt"/>
	<map format="M2T" transform="exiftool_video_to_fits.xslt"/>
	<map format="M2TS" transform="exiftool_video_to_fits.xslt"/>
	<map format="M2V" transform="exiftool_video_to_fits.xslt"/>
	<map format="M4A" transform="exiftool_video_to_fits.xslt"/>
	<map format="M4P" transform="exiftool_video_to_fits.xslt"/>
	<map format="M4V" transform="exiftool_video_to_fits.xslt"/>
	<map format="MKA" transform="exiftool_video_to_fits.xslt"/>
	<map format="MKS" transform="exiftool_video_to_fits.xslt"/>
	<map format="MKV" transform="exiftool_video_to_fits.xslt"/>
	<map format="MOV" transform="exiftool_video_to_fits.xslt"/>
	<map format="MP4" transform="exiftool_video_to_fits.xslt"/>
	<map format="MPB" transform="exiftool_video_to_fits.xslt"/>
	<map format="MPEG" transform="exiftool_video_to_fits.xslt"/>
	<map format="MPG" transform="exiftool_video_to_fits.xslt"/>
	<map format="MQV" transform="exiftool_video_to_fits.xslt"/>
	<map format="MTS" transform="exiftool_video_to_fits.xslt"/>
	<map format="OGV" transform="exiftool_video_to_fits.xslt"/>
	<map format="QT" transform="exiftool_video_to_fits.xslt"/>
	<map format="RAM" transform="exiftool_video_to_fits.xslt"/> <!-- could also be audio -->
	<map format="RMVB" transform="exiftool_video_to_fits.xslt"/>
	<map format="RPM" transform="exiftool_video_to_fits.xslt"/> <!-- could also be audio -->
	<map format="RV" transform="exiftool_video_to_fits.xslt"/>
	<map format="SWF" transform="exiftool_video_to_fits.xslt"/> <!-- belongs elsewhere? -->
	<map format="TS" transform="exiftool_video_to_fits.xslt"/>
	<map format="VOB" transform="exiftool_video_to_fits.xslt"/>
	<map format="WEBM" transform="exiftool_video_to_fits.xslt"/>
	<map format="WEBP" transform="exiftool_video_to_fits.xslt"/>
	<map format="WMV" transform="exiftool_video_to_fits.xslt"/>
	
	<!-- text -->
	<map format="CHM" transform="exiftool_text_to_fits.xslt"/>
	<map format="HTM" transform="exiftool_text_to_fits.xslt"/>
	<map format="HTML" transform="exiftool_text_to_fits.xslt"/>
	<map format="ICC" transform="exiftool_text_to_fits.xslt"/>
	<map format="ICM" transform="exiftool_text_to_fits.xslt"/>
	<map format="RAM" transform="exiftool_text_to_fits.xslt"/>
	<map format="RPM" transform="exiftool_text_to_fits.xslt"/>
	<map format="SVG" transform="exiftool_text_to_fits.xslt"/>
	<map format="XHTML" transform="exiftool_text_to_fits.xslt"/>
	<map format="XML" transform="exiftool_text_to_fits.xslt"/>
	<map format="XMP" transform="exiftool_text_to_fits.xslt"/>
	 
	<!-- document -->
	<map format="DOC" transform="exiftool_document_to_fits.xslt"/>
	<map format="DOCM" transform="exiftool_document_to_fits.xslt"/>
	<map format="DOCX" transform="exiftool_document_to_fits.xslt"/>
	<map format="DOT" transform="exiftool_document_to_fits.xslt"/>
	<map format="KEY" transform="exiftool_document_to_fits.xslt"/>
	<map format="KTH" transform="exiftool_document_to_fits.xslt"/>
	<map format="NMBTEMPLATE" transform="exiftool_document_to_fits.xslt"/>
	<map format="NUMBERS" transform="exiftool_document_to_fits.xslt"/>
	<map format="ODB" transform="exiftool_document_to_fits.xslt"/>
	<map format="ODC" transform="exiftool_document_to_fits.xslt"/>
	<map format="ODF" transform="exiftool_document_to_fits.xslt"/>
	<map format="ODG" transform="exiftool_document_to_fits.xslt"/>
	<map format="ODI" transform="exiftool_document_to_fits.xslt"/>
	<map format="ODP" transform="exiftool_document_to_fits.xslt"/>
	<map format="ODS" transform="exiftool_document_to_fits.xslt"/>
	<map format="ODT" transform="exiftool_document_to_fits.xslt"/>
	<map format="PAGES" transform="exiftool_document_to_fits.xslt"/>
	<map format="PDF" transform="exiftool_document_to_fits.xslt"/> <!--  includes AI -->
	<map format="POT" transform="exiftool_document_to_fits.xslt"/>
	<map format="POTM" transform="exiftool_document_to_fits.xslt"/>
	<map format="POTX" transform="exiftool_document_to_fits.xslt"/>
	<map format="PPS" transform="exiftool_document_to_fits.xslt"/>
	<map format="PPSM" transform="exiftool_document_to_fits.xslt"/>
	<map format="PPSX" transform="exiftool_document_to_fits.xslt"/>
	<map format="PPT" transform="exiftool_document_to_fits.xslt"/>
	<map format="PPTM" transform="exiftool_document_to_fits.xslt"/>
	<map format="PPTX" transform="exiftool_document_to_fits.xslt"/>
	<map format="RTF" transform="exiftool_document_to_fits.xslt"/>
	<map format="THMX" transform="exiftool_document_to_fits.xslt"/>
	<map format="XLS" transform="exiftool_document_to_fits.xslt"/>
	<map format="XLSB" transform="exiftool_document_to_fits.xslt"/>
	<map format="XLSM" transform="exiftool_document_to_fits.xslt"/>
	<map format="XLSX" transform="exiftool_document_to_fits.xslt"/>
	<map format="XLT" transform="exiftool_document_to_fits.xslt"/>
	<map format="XLTM" transform="exiftool_document_to_fits.xslt"/>
	<map format="XLTX" transform="exiftool_document_to_fits.xslt"/>

</transformMap>
